{
    "events": {
        "stakeholders": [
            {
                "stakeholderId": {
                    "stakeholderIdType": 5,
                    "__text": "11111111111111"
                },
                "stakeholderNameTypes": [
                    {
                        "stakeholderNameType": 1,
                        "__text": "TEST"
                    },
                    {
                        "stakeholderNameType": 2,
                        "__text": "TEST"
                    }
                ],
                "stakeholderType": 3,
                "stakeholderRoleType": 2
            },
            {
                "stakeholderId": {
                    "stakeholderIdType": 5,
                    "__text": "187512751"
                },
                "stakeholderNameTypes": [
                    {
                        "stakeholderNameType": 1,
                        "__text": "ANS"
                    },
                    {
                        "stakeholderNameType": 2,
                        "__text": "Agence du Numérique en Santé"
                    }
                ],
                "stakeholderType": 2,
                "stakeholderRoleType": 3
            },
            {
                "stakeholderId": {
                    "stakeholderIdType": 3,
                    "__text": "111111111"
                              
                },
                "stakeholderNameTypes": [
                    {
                        "stakeholderNameType": 1,
                        "__text": "TEST"
                    },
                    {
                        "stakeholderNameType": 2,
                        "__text": "TEST"
                    }
                ],
                "stakeholderType": 1,
                "stakeholderRoleType": 1
            }
        ],
        "event": [
            {
                "stakeholders": [
                    {
                        "stakeholderId": [
                            {
                                "stakeholderIdType": 3,
                                "__text": "111111111"
                            }
                        ],
                        "stakeholderNameTypes": [
                            {
                                "stakeholderNameType": 1,
                                "__text": "TEST"
                            },
                            {
                                "stakeholderNameType": 2,
                                "__text": "TEST"
                            }
                        ],
                        "stakeholderType": 1,
                        "stakeholderRoleType": 4
                    }
                ],
                "dates": [
                    {
                        "dateType": 7,
                        "__text": "20241108-143500"
                    }
                ],
                "scopes": [
                    {
                        "functionalContexts": [
                            {
                                "functionalContextCategory": 6,
                                "__text": "infrastructures",
                                "isPersonalData": false,
                                "isPersonalHealthcareData": false,
                                "userCount": 5 
                            }
                        ],
                        "technicalContexts": [
                            {
                                "technicalContextCategory": 13,
                                "__text": "Exposition de protocoles n’utilisant pas de chiffrement - port FTP ouvert",
                                "isDynamic": false,
                                "isAuthenticatable": true,
                                "isOnCloud": false
                            },
                            {
                                "technicalContextCategory": 13,
                                "__text": "Utilisation de certificats auto-signés",
                                "isDynamic": false,
                                "isAuthenticatable": false,
                                "isOnCloud": false
                            },
                            {
                                "technicalContextCategory": 13,
                                "__text": "Exposition des utilisateurs de WordPress",
                                "isDynamic": false,
                                "isAuthenticatable": true,
                                "isOnCloud": false
                            }
                        ],
                        "autonomousSystemNumbers": [
                            "AS5410",
                            "AS16347"
                        ],
                        "domains": [
                            "test1.fr",
                            "vpn.test2.fr",
                            "test3.fr"
                        ],
                        "subnetIpV4s": [
                            "x.x.x.x/32",
                            "x.x.x.z/32"
                        ],
                        "subnetIpV6s": [
                            "0000:0000:0000:0000:0000:ffff:b0aa:egd1",
                            "0000:0000:0000:0000:0000:ffff:b91a:908e"
                        ]
                    }
                ],
                "outcome": {
                    "level": 3
                },
                "tlp": "red",
                "eventAnalysisType": 5,
                "eventType": 29
            }
        ]
    }
}
