{
    "events": {
        "stakeholders": [
            {
                "stakeholderId": {
                    "stakeholderIdType": 5,
                    "__text": "187512751"
                },
                "stakeholderNameTypes": [
                    {
                        "stakeholderNameType": 1,
                        "__text": "ANS"
                    },
                    {
                        "stakeholderNameType": 2,
                        "__text": "Agence du Num�rique en Sant�"
                    }
                ],
                "stakeholderType": 2,
                "stakeholderRoleType": 3
            },
            {
                "stakeholderId": {
                    "stakeholderIdType": 4,
                    "__text": "11111111111111"
                },
                "stakeholderNameTypes": [
                    {
                        "stakeholderNameType": 1,
                        "__text": "TEST"
                    },
                    {
                        "stakeholderNameType": 2,
                        "__text": "TEST"
                    }
                ],
                "stakeholderType": 3,
                "stakeholderRoleType": 2
            },
            {
                "stakeholderId": {
                    "stakeholderIdType": 3,
                    "__text": "123456789"
                },
                "stakeholderNameTypes": [
                    {
                        "stakeholderNameType": 1,
                        "__text": "TEST"
                    },
                    {
                        "stakeholderNameType": 2,
                        "__text": "Centre Hospitalier Universitaire d'TEST"
                    }
                ],
                "stakeholderType": 2,
                "stakeholderRoleType": 1
            }
        ],
        "event": [
            {
                "stakeholders": [
                    {
                        "stakeholderId": {
                            "stakeholderIdType": 3,
                            "__text": "987654321"
                        },
                        "stakeholderNameTypes": [
                            {
                                "stakeholderNameType": 1,
                                "__text": "ES TEST"
                            },
                            {
                                "stakeholderNameType": 2,
                                "__text": "ES TEST"
                            }
                        ],
                        "stakeholderType": 2,
                        "stakeholderRoleType": 1
                    }
                ],
                "dates": [
                    {
                        "dateType": 7,
                        "__text": "20240702-171626"
                    }
                ],
                "scopes": [
                    {
                        "autonomousSystemNumbers": [
                            "AS6789",
                            "AS1234"
                        ],
                        "domains": [
                            "accueil.test.fr",
                            "association.test.fr"
                        ],
                        "subnetIpV4s": [
                            "12x.xxx.xxx.xxx",
                            "zzz.zzz.zzz.13z"
                        ]
                    }
                ],
                "outcome": {
                    "level": 3
                },
                "tlp": "amber",
                "eventAnalysisType": 5,
                "eventType": 29
            }
        ]
    }
}
