[
  {
    "events": {
      "stakeholders": [
        {
          "stakeholderId": {
            "stakeholderIdType": 4,
            "__text": "111111111"
          },
          "stakeholderNameTypes": [
            {
              "stakeholderNameType": 1,
              "__text": "TEST"
            },
            {
              "stakeholderNameType": 2,
              "__text": "TEST"
            }
          ],
          "stakeholderType": 3,
          "stakeholderRoleType": 2
        },
        {
          "stakeholderId": {
            "stakeholderIdType": 5,
            "__text": "1111111111"
          },
          "stakeholderNameTypes": [
            {
              "stakeholderNameType": 1,
              "__text": "ANS"
            },
            {
              "stakeholderNameType": 2,
              "__text": "Agence du Numérique en Santé"
            }
          ],
          "stakeholderType": 2,
          "stakeholderRoleType": 3
        },
        {
            "stakeholderId": {
                "stakeholderIdType": 6,
                "__text": "TS-01"
            },
            "stakeholderNameTypes": [
                {
                    "stakeholderNameType": 2,
                    "__text": "TEST"
                }
            ],
            "stakeholderType": 2,
            "stakeholderRoleType": 1
        }
      ],
      "event": [
        {
          "stakeholders": [
            {
              "stakeholderId": [
                {
                  "stakeholderIdType": 3,
                  "__text": "111111111"
                }
              ],
              "stakeholderNameTypes": [
                {
                  "stakeholderNameType": 1,
                  "__text": "CH TEST"
                },
                {
                  "stakeholderNameType": 2,
                  "__text": "Centre Hospitalier d'TEST"
                }
              ],
              "stakeholderType": 1,
              "stakeholderRoleType": 4
            }
          ],
          "dates": [
            {
              "dateType": 7,
              "__text": "20240927-180000"
            }
          ],
          "scopes": [
            {
              "domains": [
                "ch-test.fr",
                "portail.ch-test.fr",
                "webmail.ch-test.fr"
              ],
              "subnetIpV4s": [
                "x.x.x.x/32",
                "x.x.x.x/32",
              ]
            }
          ],
          "outcome": {
            "level": 3
          },
          "tlp": "amber",
          "eventAnalysisType": 5,
          "eventType": 29
        },
        {
          "stakeholders": [
            {
              "stakeholderId": [
                {
                  "stakeholderIdType": 3,
                  "__text": "111111111"
                }
              ],
              "stakeholderNameTypes": [
                {
                  "stakeholderNameType": 1,
                  "__text": "CH TEST"
                },
                {
                  "stakeholderNameType": 2,
                  "__text": "Centre Hospitalier de TEST"
                }
              ],
              "stakeholderType": 1,
              "stakeholderRoleType": 4
            }
          ],
          "dates": [
            {
              "dateType": 7,
              "__text": "20240927-180000"
            }
          ],
          "scopes": [
            {
              "domains": [
                "ch-test.fr",
                "portail.ch-test.fr"
              ],
              "subnetIpV4s": [
                "x.x.x.x/32",
                "x.x.x.x/31",
              ]
            }
          ],
          "outcome": {
            "level": 3
          },
          "tlp": "amber",
          "eventAnalysisType": 5,
          "eventType": 29
        },
        {
          "stakeholders": [
            {
              "stakeholderId": [
                {
                  "stakeholderIdType": 3,
                  "__text": "111111111"
                }
              ],
              "stakeholderNameTypes": [
                {
                  "stakeholderNameType": 1,
                  "__text": "ES TEST"
                },
                {
                  "stakeholderNameType": 2,
                  "__text": "ES TEST"
                }
              ],
              "stakeholderType": 1,
              "stakeholderRoleType": 4
            }
          ],
          "dates": [
            {
              "dateType": 7,
              "__text": "20240927-180000"
            }
          ],
          "scopes": [
            {
              "domains": [
                "epdesantedelomagne.onmicrosoft.com",
                "epdesantedelomagne.sharepoint.com",
                "epsdelomagne.fr",
                "epslomagne.fr",
                "www.epsdelomagne.fr",
                "www.epslomagne.fr"
              ],
              "subnetIpV4s": [
                "141.0.205.197/32"
              ]
            }
          ],
          "outcome": {
            "level": 3
          },
          "tlp": "amber",
          "eventAnalysisType": 5,
          "eventType": 29
        },
        {
          "stakeholders": [
            {
              "stakeholderId": [
                {
                  "stakeholderIdType": 3,
                  "__text": "1111111111"
                }
              ],
              "stakeholderNameTypes": [
                {
                  "stakeholderNameType": 1,
                  "__text": "CH TEST"
                },
                {
                  "stakeholderNameType": 2,
                  "__text": "Centre Hospitalier de TEST"
                }
              ],
              "stakeholderType": 1,
              "stakeholderRoleType": 4
            }
          ],
          "dates": [
            {
              "dateType": 7,
              "__text": "20240927-180000"
            }
          ],
          "scopes": [
            {
              "domains": [
                "ch-test.fr"
              ],
              "subnetIpV4s": [
                "x.x.x.x/32"
              ]
            }
          ],
          "outcome": {
            "level": 3
          },
          "tlp": "amber",
          "eventAnalysisType": 5,
          "eventType": 29
        },
        {
          "stakeholders": [
            {
              "stakeholderId": [
                {
                  "stakeholderIdType": 3,
                  "__text": "111111111"
                }
              ],
              "stakeholderNameTypes": [
                {
                  "stakeholderNameType": 1,
                  "__text": "CH TEST"
                },
                {
                  "stakeholderNameType": 2,
                  "__text": "Centre Hospitalier de TEST"
                }
              ],
              "stakeholderType": 1,
              "stakeholderRoleType": 4
            }
          ],
          "dates": [
            {
              "dateType": 7,
              "__text": "20240927-180000"
            }
          ],
          "scopes": [
            {
              "domains": [
                "hopital-test.fr"
              ],
              "subnetIpV4s": [
                "z.z.z.z/32"
              ]
            }
          ],
          "outcome": {
            "level": 3
          },
          "tlp": "amber",
          "eventAnalysisType": 5,
          "eventType": 29
        },
        {
          "stakeholders": [
            {
              "stakeholderId": [
                {
                  "stakeholderIdType": 3,
                  "__text": "111111111"
                }
              ],
              "stakeholderNameTypes": [
                {
                  "stakeholderNameType": 1,
                  "__text": "CH TEST"
                },
                {
                  "stakeholderNameType": 2,
                  "__text": "Centre Hospitalier de TEST"
                }
              ],
              "stakeholderType": 1,
              "stakeholderRoleType": 4
            }
          ],
          "dates": [
            {
              "dateType": 7,
              "__text": "20240927-180000"
            }
          ],
          "scopes": [
            {
              "domains": [
                "mail.hopital-test.fr",
                "outlook.hopital-test.fr"
              ],
              "subnetIpV4s": [
                "y.y.y.y/32"
              ]
            }
          ],
          "outcome": {
            "level": 3
          },
          "tlp": "amber",
          "eventAnalysisType": 5,
          "eventType": 29
        },
        {
          "stakeholders": [
            {
              "stakeholderId": [
                {
                  "stakeholderIdType": 3,
                  "__text": "111111111 "
                }
              ],
              "stakeholderNameTypes": [
                {
                  "stakeholderNameType": 1,
                  "__text": "CH TEST"
                },
                {
                  "stakeholderNameType": 2,
                  "__text": "Centre Hospitalier de TEST"
                }
              ],
              "stakeholderType": 1,
              "stakeholderRoleType": 4
            }
          ],
          "dates": [
            {
              "dateType": 7,
              "__text": "20240927-180000"
            }
          ],
          "scopes": [
            {
              "domains": [
                "ch-test.fr",
                "outlook.ch-test.fr"
              ],
              "subnetIpV4s": []
            }
          ],
          "outcome": {
            "level": 3
          },
          "tlp": "amber",
          "eventAnalysisType": 5,
          "eventType": 29
        },
        {
          "stakeholders": [
            {
              "stakeholderId": [
                {
                  "stakeholderIdType": 3,
                  "__text": "111111111"
                }
              ],
              "stakeholderNameTypes": [
                {
                  "stakeholderNameType": 1,
                  "__text": "CH TEST"
                },
                {
                  "stakeholderNameType": 2,
                  "__text": "Centre Hospitalier de TEST"
                }
              ],
              "stakeholderType": 1,
              "stakeholderRoleType": 4
            }
          ],
          "dates": [
            {
              "dateType": 7,
              "__text": "20240927-180000"
            }
          ],
          "scopes": [
            {
              "domains": [
                "mail.ch-test.com",
                "portal.ch-test.com",
                "ris.ch-test.com"
              ],
              "subnetIpV4s": [
                "x.x.x.x/29",
                "x.x.x.x/29"
              ]
            }
          ],
          "outcome": {
            "level": 3
          },
          "tlp": "amber",
          "eventAnalysisType": 5,
          "eventType": 29
        },
        {
          "stakeholders": [
            {
              "stakeholderId": [
                {
                  "stakeholderIdType": 3,
                  "__text": "111111111"
                }
              ],
              "stakeholderNameTypes": [
                {
                  "stakeholderNameType": 1,
                  "__text": "CH TEST"
                },
                {
                  "stakeholderNameType": 2,
                  "__text": "Centre Hospitalier de TEST"
                }
              ],
              "stakeholderType": 1,
              "stakeholderRoleType": 4
            }
          ],
          "dates": [
            {
              "dateType": 7,
              "__text": "20240927-180000"
            }
          ],
          "scopes": [
            {
              "domains": [
                "hopital-test.fr"
              ],
              "subnetIpV4s": [
                "z.z.z.z/32 "
              ]
            }
          ],
          "outcome": {
            "level": 3
          },
          "tlp": "amber",
          "eventAnalysisType": 5,
          "eventType": 29
        },
        {
          "stakeholders": [
            {
              "stakeholderId": [
                {
                  "stakeholderIdType": 3,
                  "__text": "111111111"
                }
              ],
              "stakeholderNameTypes": [
                {
                  "stakeholderNameType": 1,
                  "__text": "CH TEST"
                },
                {
                  "stakeholderNameType": 2,
                  "__text": "Centre Hospitalier de TEST"
                }
              ],
              "stakeholderType": 1,
              "stakeholderRoleType": 4
            }
          ],
          "dates": [
            {
              "dateType": 7,
              "__text": "20240927-180000"
            }
          ],
          "scopes": [
            {
              "domains": [
                "hopital-test.fr"
              ],
              "subnetIpV4s": [
                "x.x.x.x/32"
              ]
            }
          ],
          "outcome": {
            "level": 3
          },
          "tlp": "amber",
          "eventAnalysisType": 5,
          "eventType": 29
        }
      ]
    }
  }
]
