{
    "events": {
        "stakeholders": [
            {
                "stakeholderId": {
                    "stakeholderIdType": 4,
                    "__text": "identifiant_siren_ex_industriel"
                },
                "stakeholderNameTypes": [
                    {
                        "stakeholderNameType": 1,
                        "__text": "raison_sociale_abregee_ex_industriel"
                    },
                    {
                        "stakeholderNameType": 2,
                        "__text": "raison_sociale_ex_industriel"
                    }
                ],
                "stakeholderType": 3,
                "stakeholderRoleType": 2
            },
            {
                "stakeholderId": {
                    "stakeholderIdType": 5,
                    "__text": "187512751"
                },
                "stakeholderNameTypes": [
                    {
                        "stakeholderNameType": 1,
                        "__text": "ANS"
                    },
                    {
                        "stakeholderNameType": 2,
                        "__text": "Agence du Numérique en Santé"
                    }
                ],
                "stakeholderType": 2,
                "stakeholderRoleType": 3
            },
            {
                "stakeholderId": {
                    "stakeholderIdType": 3,
                    "__text": "TST-00"
                },
                "stakeholderNameTypes": [
                    {
                        "stakeholderNameType": 6,
                        "__text": "GHT TEST"
                    },
                    {
                        "stakeholderNameType": 2,
                        "__text": "GROUPEMENT HOSPITALIER DE TERRITOIRE TEST"
                    }
                ],
                "stakeholderType": 2,
                "stakeholderRoleType": 1
            }
        ],
        "event": [
            {
                "stakeholders": [
                    {
                        "stakeholderId": [
                            {
                                "stakeholderIdType": 2,
                                "__text": "000000001"
                            }
                        ],
                        "stakeholderNameTypes": [
                            {
                                "stakeholderNameType": 1,
                                "__text": "HOPITAL TEST"
                            },
                            {
                                "stakeholderNameType": 2,
                                "__text": "HOPITAL UNIVERSITAIRE TEST"
                            }
                        ],
                        "stakeholderType": 1,
                        "stakeholderRoleType": 4
                    }
                ],
                "dates": [
                    {
                        "dateType": 7,
                        "__text": "20240115-141742"
                    }
                ],
                "scopes": [
                    {
                        "functionalContexts": [
                            {
                                "functionalContextCategory": 71,
                                "__text": "portail extranet ps",
                                "isPersonalData": false,
                                "isPersonalHealthcareData": false,
                                "userCount": 25
                            },
                            {
                                "functionalContextCategory": 73,
                                "__text": "site institutionnel",
                                "isPersonalData": false,
                                "isPersonalHealthcareData": false,
                                "userCount": 40
                            }
                        ],
                        "technicalContexts": [
                            {
                                "technicalContextCategory": 13,
                                "__text": "vlan4094",
                                "isDynamic": false,
                                "isAuthenticatable": false,
                                "isOnCloud": false
                            },
                            {
                                "technicalContextCategory": 13,
                                "__text": "vlan4095",
                                "isDynamic": false,
                                "isAuthenticatable": false,
                                "isOnCloud": false
                            }
                        ],
                        "autonomousSystemNumbers": [
                            "AS3215",
                            "AS15557",
                            "AS5410"
                        ],
                        "domains": [
                            "corp1.example-ght.fr",
                            "corp2.example-ght.fr",
                            "corp3.example-ght.fr"
                        ],
                        "subnetIpV4s": [
                            "xxx.xxx.xxx.xxx/n",
                            "xxx.xxx.xxx.xxx/n"
                        ],
                        "subnetIpV6s": [
                            "xxxx:xxxx:xxxx:xxxx:xxxx:xxxx:xxxx:xxxx/n",
                            "xxxx:xxxx:xxxx:xxxx:xxxx:xxxx:xxxx:xxxx/n"
                        ]
                    }
                ],
                "outcome": {
                    "level": 1
                },
                "tlp": "amber",
                "eventAnalysisType": 5,
                "eventType": 29
            }
        ]
    }
}